Solution Name,Technologies,Description
Sustainable Urban Mobility Solutions,"electric vehicles, mobile apps for transportation sharing, infrastructure for cycling and walking","implementing sustainable urban mobility solutions, such as electric, shared transportation options and bike-sharing initiatives, can reduce the heat generated by vehicles, decrease water pollution from runoff, and promote community resilience."
Fire Weather Monitoring System,"satellite imaging, meteorological sensors, alert systems","a monitoring system that utilizes satellite data and ground-based weather stations to track conditions conducive to wildfires, providing alerts and recommendations to minimize the risks of wildfires in vulnerable regions."
Early Warning Systems,"satellite imagery, machine learning, communication networks","technology that monitors atmospheric conditions to provide good predictive capabilities for severe storms, which can alert communities in advance, enabling evacuation and preparedness actions."
Landslide Monitoring System,"ground-penetrating radar, satellite imagery, data analytics, real-time monitoring systems","this system employs ground-penetrating radar and satellite imaging to monitor slopes and other geological factors in real time, providing early warnings of potential landslides due to heavy precipitation."
Flood Risk Management Applications,"geographic information systems (gis), hydraulic modeling, simulation software",flood risk management applications utilize gis and simulation models to assess flood risks and guide urban planning. these applications help cities develop flood defense measures and prepare emergency response plans for populations living in flood-prone areas.
Predictive Health Risk Management System,"data analytics, machine learning, mobile health applications","this system collects and analyzes health data to predict outbreaks of heat-related illnesses during extreme heat events, enabling healthcare providers to allocate resources efficiently and engage in proactive health care interventions."
Vertical Resilience Project,"building energy management systems, green building materials, smart sensor technology","the vertical resilience project aims to implement deep retrofits in high-rise apartment buildings to improve their resilience against extreme heat and flooding, thereby ensuring safer living conditions for the large populations residing in these edifices."
Predictive Fire Risk Management System,"machine learning, satellite imagery, data analytics, ai algorithms","this system leverages machine learning algorithms to analyze weather patterns and vegetation data to predict the risk of wildfires, providing early warnings and resource allocation recommendations."
**Wildfire Risk Mapping and Mitigation Technology**,"satellite imaging, predictive analytics, gis, drone technology",this utilizes satellite imagery and predictive analytics to identify areas at high risk of wildfires and develop mitigation plans including prescribed burns and buffer zones to reduce fire spread.
Flood Resilience Infrastructure,"engineering design software, environmental modeling tools, biodiversity monitoring systems.",implementation of physical barriers (like seawalls) and nature-based solutions (like wetlands restoration) designed to buffer against coastal flooding due to rising sea levels.
Integrated Health Surveillance System,"health data analytics, environmental monitoring, predictive modeling",this system combines health data with environmental monitoring to track and predict outbreaks of infectious diseases influenced by climate-related factors such as extreme weather or rising temperatures. it enhances public health preparedness and response efforts.
Community Resilience Hubs,"renewable energy systems, communication networks, resource management tools","community resilience hubs are physical spaces equipped with resources and technology to support local communities before, during, and after climate shocks. these hubs can provide services like food distribution, emergency communication, and cooling or heating stations during severe weather."
Community Adaptation Planning Tools,"geographic information systems (gis), participatory planning software, data visualization tools",community adaptation planning tools assist local governments and communities in assessing vulnerabilities and developing tailored adaptation strategies that prioritize the needs of the most affected populations. these tools promote engagement in the decision-making process and help allocate resources effectively.
Digital Community Networks,"social media platforms, mobile networking applications, cloud computing","digital community networks leverage technology to connect residents, especially those from vulnerable populations, with resources and each other. these platforms can facilitate communication during emergencies, provide information on shelters and services, and foster community solidarity."
Adaptive Water Management Systems,"data analytics, iot sensors, water quality monitoring systems",adaptive water management systems leverage data analytics for efficient water distribution and conservation strategies. they are especially critical for vulnerable communities facing water scarcity due to drought or increased demand from climate impacts.
Digital Platforms for Community Engagement,"online survey tools, social media platforms, community engagement software, mobile apps","digital engagement platforms can allow vulnerable populations to voice their concerns and ideas about resilience strategies. this technology enables real-time feedback and can gather data on community needs, ensuring all voices are represented in climate resilience efforts."
Video Campaigns for Awareness,"video editing software, social media channels, film distribution platforms",the creation of video campaigns that showcase diverse community experiences with climate impacts builds awareness and promotes dialogue around climate adaptation strategies at a local level.
Youth Leadership and Media Production,"digital media tools, social media platforms, online training resources","the village bloggurls program empowers young women to share their stories and advocate for resilience strategies in their communities, leveraging digital media to raise awareness and promote solidarity."
Climate adaptation monitoring systems,"iot sensors, big data analytics, cloud computing","implementation of monitoring systems that track local climate variables, water consumption patterns, and drought indicators to provide decision-makers with data needed for water management strategies and resource allocation."
Youth Empowerment and Training Platforms,"e-learning portals, social networking, mobile applications, virtual reality (for training simulations)","online platforms aimed at empowering youth in stigmatized neighborhoods through training in leadership, resilience, and response to emergencies, fostering community cohesion and resilience against extreme weather events and social violence."
Global Resilience Movement Framework,"online collaborative platforms, knowledge management systems, cloud-based data sharing tools","the global resilience movement provides a framework and community for cities to share best practices and technologies for addressing a wide array of climate challenges, facilitating knowledge exchange and innovation in resilience building."
Emergency Response Drones,"drone technology, aerial imaging, real-time data transmission, sensor technology",drones equipped with cameras and sensors can be deployed to assess damage and aid in search and rescue operations during and after severe weather events. they can provide real-time aerial imagery and vital data for emergency services.
Urban Agricultural Innovations,"hydroponics, automated irrigation systems, led lighting, climate control systems","utilizing vertical farming and hydroponic technologies, this solution enables urban areas to produce food locally, reducing reliance on external food supplies that may be disrupted by climate events. it helps build resilience against food supply chain disruptions."
Community Health Employment and Education Initiative,"mobile applications, telehealth platforms, e-learning tools","this initiative leverages mobile applications and telehealth platforms to facilitate community health education regarding infectious diseases, particularly related to climate impacts, and provides access to medical services in vulnerable neighborhoods."
#TorontoStrong Fund,"online fundraising platforms, data management systems for resource allocation, communication networks","although primarily a fund for recovery, the initiative involves utilizing technology to improve community preparedness and emergency response, thereby increasing community resilience to health crises following extreme events."
University of Toronto School of Cities,"urban simulation models, research databases, public engagement platforms","a research and education hub focused on developing sustainable urban strategies in response to climate challenges, particularly those affecting urban infrastructure and resilience."
Telephone Town Hall Events,"teleconferencing technologies, automated phone systems, call-in platforms","a digital platform for hosting telephone town halls where residents can participate and provide input on resilience strategies, ensuring wider community engagement, especially among those with limited internet access."
Integrated Water Resource Management (IWRM) System,"data integration platforms, analytics, iot sensors, cloud computing","this system integrates data from various sources to optimize water usage in urban areas, addressing increased demand and promoting sustainable practices."
Agincourt Community Services Association resilience initiatives,"emergency preparedness apps, community planning tools","this organization provides resources and training for residents to better prepare for and respond to extreme weather events, with a focus on building community resilience."
Cross-City Learning Platforms,"online forums, knowledge management systems, health data analytics","establishing platforms for cross-city learning allows knowledge sharing on health strategies in response to extreme temperatures, enhancing public health preparedness and response mechanisms."
Public Health Surveillance System,"data analytics, health monitoring systems, gis mapping","an integrated surveillance system collects data on infectious diseases related to climate changes, such as heat stress, to identify emerging health threats and respond effectively with targeted interventions."
Community Water Management System,"sensors, internet of things (iot), data analytics","a smart irrigation and water management system that utilizes sensors to optimize water usage based on real-time data on soil moisture levels, weather forecasts, and plant needs to enhance urban sustainability and reduce water waste."
Public Health Surveillance Systems,"data analytics, health monitoring software, iot sensors","a system that utilizes real-time data collection and analysis to monitor and predict outbreaks of heat-related and vector-borne diseases, enabling health authorities to respond promptly."
Public Health Monitoring Systems,"wearable health sensors, mobile health apps, data analytics platforms, geographic information systems (gis)",utilizing health monitoring systems that track climate-related health risks allows for timely alerts and interventions for vulnerable populations during extreme weather events.
Coastal Resilience Infrastructure,"coastal engineering, environmental modeling software, ecological monitoring systems","innovative coastal resilience infrastructure, such as living shorelines and sea walls, integrates natural and built solutions to protect against coastal flooding and mitigate the impact of sea level rise. this includes enhancing wetlands and barriers that absorb storm surges while also creating habitats for wildlife."
Integrated Urban Water Management Tools,"simulation modeling, data visualization, remote sensing","integrated urban water management tools utilize simulation models to optimize water distribution and usage in urban environments, helping to mitigate water stress and adapt to increased water demand from climate impacts."
Integrated Transportation Systems,"real-time data analytics, gps tracking, mobile applications, machine learning","technologies that promote efficient public transportation through real-time tracking, route optimization, and integrated transport networks. this reduces congestion and enhances mobility during extreme weather events and other crises."
Coastal Resilience Planning Framework,"satellite imagery, predictive modeling, community engagement platforms","a comprehensive framework that integrates satellite imagery, predictive modeling, and community input to assess vulnerabilities and design adaptive strategies to protect coastal infrastructure and ecosystems."
Digital Health Education Programs,"e-learning platforms, webinars, online resource databases","developing online health education programs that provide targeted information to low-income communities can help mitigate health risks and promote preventive care. these programs can include webinars, access to health resources, and connections to local healthcare providers."
Extreme Weather Preparedness and Alert Systems,"weather monitoring systems, push notification technology, data analytics","comprehensive alert systems using real-time weather data can notify residents of extreme weather conditions. these alerts can also provide guidance on how to prepare, reducing the health risks associated with severe temperatures."
Collaborative Citizen Science Projects,"mobile apps, data collection platforms, geospatial mapping tools","citizen science projects that utilize mobile technology can enable residents to collect and share data related to climate impacts, such as flooding or heat island effects. this fosters greater community engagement while providing valuable information to inform local resilience initiatives."
Collaborative Planning Tools,"online collaboration platforms, gis mapping, survey tools","online collaborative planning tools can enable residents to participate in decision-making processes that shape local resilience strategies. these tools facilitate discussions, gather community input, and prioritize local needs effectively."
Job Matching Platform for Sustainable Employment,"online job matching software, machine learning, user databases","a job matching platform that connects local residents with nearby sustainable job opportunities and training programs can help address long commute times and employment disparities, fostering community resilience."
Data-Driven Housing Policy Tools,"data analytics, machine learning, geospatial analysis","utilizing data analytics to inform housing policy can help cities identify trends in housing insecurity and the specific needs of various demographics, particularly indigenous peoples and low-income families. this can help in formulating targeted interventions to improve housing accessibility and affordability."
Virtual Housing Assistance Platforms,"web applications, ai matching algorithms, remote viewing technology","virtual platforms that connect renters and landlords through technology can streamline housing searches and provide access to affordable options. these platforms can incorporate user reviews, virtual tours, and ai to match tenants with suitable housing, reducing overcrowded conditions and promoting greater housing equity."
Community-Based Mobility Solutions,"mobile applications, gps tracking, ride-sharing platforms, data analytics","technology-enabled community-based mobility solutions, such as shared bicycles and ride-sharing programs, can provide equitable access to better transportation options for racialized and newcomer residents. these services can be optimized for safety and efficiency using data-driven platforms."
Improved Urban Green Spaces,"green infrastructure design, environmental sensors, data analytics","developing urban green spaces along transit corridors can help reduce heat stress, improve air quality, and enhance community resilience. green areas can provide shade, promote biodiversity, and encourage walking and biking."
Community Health Mapping,"gis mapping, public health data analytics, mobile applications, community engagement platforms",this community-focused solution uses geographic information systems (gis) to map health impacts related to heat stress in vulnerable populations. it helps public health officials target resources and outreach efforts effectively to mitigate risk among those most affected.
Indigenous Resilience Leadership Program,"knowledge sharing platforms, collaborative mapping tools, community engagement technology","this program supports indigenous leadership in resilience planning, focusing on traditional ecological knowledge to enhance community-level responses to extreme weather events, including flooding and drought management strategies."
Fire Risk Monitoring Systems,"satellite imagery, ai algorithms, data analytics, real-time monitoring systems","systems that utilize satellite imagery and environmental sensors to monitor and predict fire weather conditions, providing early warnings and resource allocation to help communities prepare for potential wildfire outbreaks."
Climate-Resilient Housing Standards,"construction management software, regulatory compliance tools",establishing and enforcing climate-resilient building codes and standards for new housing developments to mitigate risks related to flooding and increased water demand.
Vulnerability Targeting Based on Data Monitoring,"data analytics, geographic information systems (gis), demographic modeling tools","utilizing social vulnerability data to identify and target demographic groups most at risk of flooding, ensuring equitable support for homeowners and renters in vulnerable situations."
Strategic Communications Campaign for Climate Awareness,"social media platforms, email marketing tools, community engagement software, video conferencing tools","a city-led awareness campaign utilizing various communication technologies to inform residents about the risks of extreme weather, flooding, and heat waves, along with actionable adaptation strategies. this may include social media outreach, targeted emails, and community meetings with interactive components."
Retrofit of Greywater Recycling Systems,"greywater filtration and treatment systems, rainwater harvesting systems, and smart water management sensors.","retrofitting apartments with greywater recycling systems can reduce water demand and promote sustainable water use among residents, which can also help alleviate urban flooding by reducing runoff during heavy precipitation."
Collaboration and Partnership Development,"collaborative platforms, project management software, stakeholder engagement tools.",establishing partnerships across governmental levels and organizations in the retrofit space enhances coordination and effectiveness in addressing urban flooding and other water-related challenges. this approach enables resource sharing and leveraging diverse expertise in implementing building resilience tasks.
Advocacy for Enabling Environment,"policy frameworks, collaboration platforms, funding and financing models for retrofits",advocating for regulatory changes at federal and provincial levels will create a supportive environment that encourages resilience upgrades in buildings to better withstand extreme weather and manage flooding risks.
Efficient Plumbing Fixtures and Smart Lighting,"water-saving fixtures, smart lighting technology, sensors","the installation of efficient toilets, showerheads, and faucets reduces water consumption and lowers utility costs. in conjunction with smart lighting systems that include light sensors, these upgrades enhance overall resource efficiency within the community housing, making the buildings more resilient to climate impacts."
Climate-Responsive Zoning Regulations,"geographic information system (gis) technology, urban planning software",update zoning regulations to include climate-responsive guidelines that prevent new housing developments in flood-prone areas and encourage retrofitting existing buildings for flood resilience.
Infrastructure Resilience Assessment Tools,"geographic information systems (gis), simulation software, big data analytics",using advanced simulation and modeling tools to assess the resilience of existing infrastructure against geological hazards such as mass movement and fire weather ensures proactive maintenance and upgrades to reduce risk.
Neighborhood Emergency Preparedness Apps,"mobile app development, cloud computing, push notification systems, community forums","mobile applications specifically designed for neighborhoods that provide tailored emergency preparedness guidelines, local alerts, and resources for specific types of shocks like floods or storms. these apps encourage community participation in preparedness drills and share local resilience strategies."
Digital Emergency Preparedness Toolkits,"web applications, e-learning platforms, interactive documents","creation of digital toolkits that provide resources on emergency preparedness, safety tips, and recovery resources tailored for communities historically underinvested in resilience planning, improving overall community readiness to respond to extreme weather events."
Emergency Communication System,"sms alert systems, mobile applications, social media integration","a robust emergency communication system designed to send timely alerts and updates to residents regarding weather conditions, safety tips, and available resources during extreme winter weather events."
Emergency Preparedness Plans,"planning software, incident response applications, geographic information systems (gis)","tailored emergency preparedness plans for neighbourhoods that are most at risk, focusing on their respective challenges and resources. these plans facilitate coordinated responses to climate-related incidents, ensuring that all community members, especially vulnerable populations, are equipped to handle emergencies effectively."
Flood Early Warning System,"iot sensors, machine learning algorithms, cloud computing","this system utilizes meteorological data, hydrological models, and iot sensors to provide real-time alerts for potential flooding events. it helps communities prepare and respond effectively to flooding by disseminating warnings through various communication channels."
Sustainable Mobility Solutions,"electric vehicles, gis routing software, mobility-as-a-service platforms","implementing sustainable transportation options, such as electric buses and bike-sharing programs, enhances urban mobility while reducing the vulnerability of transport systems to flooding and storm damage. such solutions integrate with urban planning to ensure access during extreme weather events."
Economic Empowerment through Job Matching Platforms,"online job portals, ai algorithms, data analytics, mobile applications","creating technology-enabled job matching platforms that connect low-income residents with stable job opportunities, training programs, and resources that emphasize resilience in the workforce against climate impacts. this can improve economic stability and enhance community resilience."
Fire Risk Monitoring Systems,"satellite imagery, weather sensors, machine learning for risk prediction, and data analytics platforms.","utilizing real-time data from weather stations and satellite imagery, these systems assess and predict wildfire risk, allowing for proactive management strategies and community awareness to reduce fire hazards."
Community-Based Flood Resilience Plans,"community mapping tools, online survey platforms, collaborative planning software",developing community-based resilience plans involving local stakeholders enhances understanding and capacity to respond to flooding risks at the neighborhood level. this participatory approach ensures tailored solutions factoring in community vulnerabilities and assets.
Public Engagement and Communication Program,"social media, community engagement platforms, educational outreach resources","a program that seeks to effectively communicate flood risks to residents and businesses, providing resources and guidance for taking proactive measures towards flood resilience."
Snow and Ice Monitoring Systems,"remote sensing, data analytics, weather forecasting tools","snow and ice monitoring systems use sensors and weather data to track snowfall and ice accumulation in real-time. this technology provides municipalities with the information needed to deploy snow removal and ice management efforts efficiently, reducing hazards for transportation and public safety."
Port Lands Flood Protection Project,"flood control infrastructure, stormwater management systems, habitat restoration technologies, urban planning software.","the port lands flood protection project is designed to protect approximately 290 hectares of land from flooding, particularly during extreme weather events like those similar to hurricane hazel. the project includes creating a naturalized mouth of the don river and a mixed-use community on villiers island, enhancing resilience against coastal flooding while promoting natural habitats."
City-Wide Urban Flooding Risk Mapping Tool,"geographic information systems (gis), data centralization platforms, risk assessment tools, cloud computing, public information systems","this tool will centralize existing data to create a comprehensive map of urban flooding risks across the city. it will synthesize topographical data, sewer capacity, and overlay critical infrastructure vulnerabilities. the tool aims to facilitate planning and prioritization for emergency management, utility operations, and provide the public with necessary flood risk information."
Public Awareness and Education Platform,"e-learning platforms, mobile applications, data visualization, social media tools",a companion platform to the flood mapping tool designed to educate the public about flood risks and resilience strategies. this platform will leverage the flood mapping data to inform and engage communities on how to prepare for and respond to urban flooding events.
Smart Stormwater Infrastructure,"smart valves, real-time weather data integration, automated control systems",upgrading stormwater facilities with smart technology allows for real-time adjustments based on weather conditions. this can involve automated gates and valves that respond to rainfall data to manage water flow and mitigate flooding risks effectively.
Collaborative Operational Framework,"project management software, collaborative platforms, communication tools","developing a framework that standardizes protocols for multiple departments and agencies involved in flood management, enhancing coordination and operational efficiency in preparation for extreme weather events."
Integrated Flood Risk Assessment Model,"predictive modeling software, data analysis tools, geographic information systems (gis)","developing an integrated model that assesses flood risks using data from multiple sources, such as weather patterns, land use, and historical flooding data, allows for a comprehensive understanding of vulnerabilities and aids in planning effective flood mitigation strategies."
Public Awareness and Education Campaign,"social media platforms, online educational tools, mobile applications, community engagement software.","a campaign utilizing digital platforms to educate residents about the risks of extreme heat and prevention strategies, including heat safety tips and information about local cooling resources."
Heat Preparedness Training,"e-learning platforms, online training modules, mobile apps for preparedness tips",a training initiative aimed at equipping community members with knowledge and skills to prepare for and respond to heatwaves effectively. this program includes educating residents on symptoms of heat stress and mitigation strategies.
Community Engagement Platforms for Green Initiatives,"social media, community engagement apps, data visualization tools","this solution involves the development of technology-enabled platforms that facilitate communication and engagement with community members about ongoing resilience projects, gathering input on local needs, and fostering involvement in green infrastructure initiatives."
Monitoring and Evaluation System,"remote sensing, data analytics, environmental monitoring sensors","developing a monitoring and evaluation system for green and blue infrastructure to track performance against climate adaptation goals, ensuring that projects provide measurable benefits such as reduced flooding and improved water quality."
Urban Tree Canopy Programs,"urban forestry management software, gis mapping, tree planting and care technologies","urban tree canopy programs promote planting and maintaining trees in urban areas to provide shade, mitigate heat, and improve air quality. trees help lower surface temperatures and reduce the need for air conditioning, enhancing community resilience to extreme heat events."
Localized Food Waste Reduction Initiatives,"mobile apps for food sharing, composting technology, waste tracking systems","establishing localized initiatives that focus on reducing food waste through composting programs, surplus food redistribution technology, and food-sharing applications can improve food system resilience while decreasing pressure on water resources and promoting sustainable community practices."
Emergency Food Access Dashboard,"web development, data visualization, mobile applications","an interactive dashboard that provides real-time information on food availability and access points in case of adverse weather events, tailored for seniors and vulnerable populations."
Resilience-Focused Asset Management Software,"asset management software, climate risk assessment tools, data visualization tools","software tools specifically designed to help municipalities manage and maintain infrastructure assets with a focus on resilience to climate change impacts, allowing for informed investment and maintenance decisions based on projected climate scenarios."
Integrated Climate Risk Assessment Tools,"risk assessment software, predictive analytics, remote sensing technology","these tools evaluate the comprehensive range of climate challenges, including extreme heat, flooding, and severe storms, that cities might face. by providing data-driven insights, they inform decision-makers on adapting existing infrastructure or designing new projects that address those risks effectively."
Capacity Building Workshops,"e-learning platforms, virtual training software, collaborative tools","conducting workshops and training sessions helps city staff understand how to apply resilience principles and utilize the resilience lens in their work, ultimately improving the city’s ability to withstand climate impacts through informed decision-making."
Metrolinx Climate Adaptation Strategy,"climate modeling, infrastructure assessment tools, resilience planning frameworks","the climate adaptation strategy outlines actions to make the transit system safe and resilient against climate impacts, focusing on operations, asset management, and project planning to ensure reliability during extreme weather events."
Conservation Authority Initiatives,"flood modeling tools, real-time monitoring systems, watershed management systems","through coordinated flood control and water management practices, the conservation authority collaborates with municipalities to implement measures that manage water flow and mitigate the risks associated with flooding events."
Public Awareness Campaigns on Climate Resilience,"social media platforms, mobile applications, interactive websites","developing campaigns to educate the public on the importance of climate resilience and encourage community involvement in maintaining urban green spaces, contributing to the overall climate adaptation strategy."
Energy-Efficient Building Design,"high-performance insulation, energy-efficient hvac systems, smart building technologies","the emphasis on near-zero emissions development through energy-efficient designs in buildings minimizes electricity demand, making them more resilient to climate extremes while also contributing to the city's energy and emission targets."
Collaborative Resilience Planning Platform,"cloud computing, collaboration software, data-sharing protocols.","a digital platform facilitating collaboration among different city departments and stakeholders, enabling them to share data and best practices on resilience planning and asset management. this approach ensures a comprehensive and unified response to climate adaptation needs."
Disaster Recovery Planning Software,"project management software, data analytics, cloud computing","this software assists municipalities in creating and updating disaster recovery plans in response to climate change impacts. it includes modules for resource allocation, recovery strategies, and funding management, ensuring that the community is prepared for extreme weather events and can respond efficiently."
Green Infrastructure for Mobility Support,"green infrastructure techniques, environmental sensors, urban planning software","implementing green infrastructure, such as permeable pavements and green roofs, in areas surrounding transit routes can help manage stormwater, reduce urban flooding, and improve the overall resilience of transportation infrastructure."
Community-Based Crowdsourcing Platforms,"online surveys, mobile apps, social media engagement, data aggregation tools.","community-based crowdsourcing platforms enable residents to provide feedback, report mobility issues, and suggest improvements tailored to their needs. engaging low-income communities in the planning process promotes more resilient mobility solutions that account for local vulnerabilities and enhances adaptive capacities during extreme weather events."
Automated Vehicle Integration,"vehicle automation technology, ai, advanced sensor systems",preparing infrastructure for automated vehicles can enhance the resilience of transportation networks by ensuring they can adapt to changing conditions and remain operational during extreme weather events.
Congestion Management Plan,"traffic management software, real-time analytics, iot sensors","the congestion management plan employs innovative technologies to enhance traffic flow and mitigate congestion during extreme weather conditions, helping to prevent further water accumulation and flooding in urban areas."
Sustainable Funding Model,"financial modeling software, public policy advocacy platforms, governmental budgeting systems","advocating for a sustainable funding model allows for fiscal incentives that can be reinvested into the transit system to improve infrastructure that is resilient against impacts from extreme weather, such as flood-resistant transit stations and drainage improvements."
Development of a 10-Year Transit Outlook,"urban planning software, stakeholder engagement platforms, simulation modeling tools","a strategic vision plan that outlines actionable transit improvements, enhancing mobility in toronto while addressing climate adaptation needs and aligning with environmental goals, through comprehensive assessments and stakeholder involvement."
Community Mobility Studies,"geographic information system (gis) mapping, data collection and analytics platforms, mobile survey tools.",conducting mobility studies to identify low-income communities and their transportation needs ensures that any infrastructure improvements not only enhance mobility but also promote equitable access to transit both in normal conditions and emergencies caused by climate extremes.
Climate-Resilient Urban Design,"rainwater harvesting systems, smart irrigation technology, urban planning software, green infrastructure design tools","integrating climate-resilient urban design principles that incorporate efficient water use and management can help mitigate the impacts of heat stress in suburban areas. this includes green spaces, rainwater harvesting systems, and xeriscaping, which can reduce the demand for potable water during extreme heat events, enhancing community resilience."
Urban Green Infrastructure Planning Tool,"simulation software, gis, data analytics",a planning tool that helps municipalities design urban green spaces and permeable surfaces to manage stormwater runoff effectively. it uses simulations to visualize the impacts of different green infrastructure designs on erosion and flooding.
Community Feedback Apps,"mobile applications, survey tools, data visualization software","community feedback apps can allow residents to report issues, participate in surveys, and give feedback on local policies and initiatives in real time. this can empower citizens and create a sense of ownership over civic issues, thereby increasing trust in local government and encouraging more active participation."
Collaborative Urban Planning App,"collaborative software, geospatial analysis tools, community feedback systems","an app that allows community members to collaborate with city planners on urban resilience initiatives. users can submit suggestions, report local climate impacts, and view proposed plans in real-time, which fosters inclusivity and ensures diverse perspectives are considered in urban development and adaptation efforts."
Feedback Management Systems,"crm systems, feedback apps, data sharing platforms.",implementing integrated feedback management systems allows for more seamless communication and data sharing on public inputs. this transparency can help address community concerns related to climate issues like flooding and water access.
Early Warning Systems for Extreme Weather,"iot sensors, data modeling software, mobile alerting systems","deploying an early warning system that uses iot technology to gather and analyze meteorological data can provide timely alerts to residents about impending extreme weather events, helping them to prepare and respond appropriately."
Mobile Communication Solutions,"mobile applications, sms alert systems, gis mapping","developing mobile-based solutions that provide real-time updates and alerts about weather events, flooding, and emergency resources, ensuring that information reaches all sections of the community effectively."
Flood Simulation Modeling Software,"geographic information systems (gis), hydrological modeling tools, simulation software","this software tool uses geographical and meteorological data to simulate potential flooding under various climate scenarios. this allows city planners to visualize the impacts of extreme weather events, leading to better urban design and infrastructure planning for flood resilience."
Digital Training Programs,"e-learning platforms, video tutorials, mobile applications",digital platforms offering training and educational resources designed to equip vulnerable communities with skills and knowledge to prepare for and respond to wildfire risks. inclusion of diverse languages and cultural context ensures accessibility for marginalized groups.
Stakeholder Dialogue Platforms,"online collaboration tools, social media analytics, cloud-based communication platforms","leveraging equity data, the city can create online platforms to facilitate dialogue among stakeholders, including marginalized groups. these platforms will allow community members to express their needs and priorities, ensuring that their voices are heard in climate adaptation strategies."
Just Transition Initiatives,"job training platforms, economic modeling software, workforce development technology","initiatives aimed at creating and maintaining good quality local jobs while preparing communities for economic disruption caused by extreme weather events, thereby enhancing economic resilience."
Telehealth Services for Climate-Related Health Risks,"telemedicine platforms, mobile health applications, health information systems","utilizing telehealth technology to provide remote healthcare services can help indigenous communities address health risks associated with climate change, such as heat stress and the spread of infectious diseases, through early detection, education, and access to medical resources."
Knowledge Sharing Networks,"online forums, mobile knowledge-sharing apps, cloud-based storage and collaboration tools","establishing technology-based networks to share indigenous knowledge and best practices related to climate adaptation and resilience, allowing for knowledge transfer across communities and the incorporation of traditional practices into urban climate strategies."
Environmental Monitoring Drones,"drones, machine learning algorithms, geographic information systems (gis)",use of drone technology to monitor land and vegetation conditions in urban and peri-urban areas for early detection of wildfire risks and other geological hazards. data from drones can be integrated into community preparedness plans developed with indigenous knowledge insight.
Resilient Infrastructure Rating System,"data analytics, assessment tools, simulation software","establishing a rating system that evaluates the resilience of infrastructure projects based on their capacity to withstand extreme weather events, guiding investments and prioritization of upgrades."
Innovative Financing Mechanisms,"financial modeling software, crowdfunding platforms, economic analysis tools","developing business cases and exploring creative funding options, such as public-private partnerships and grants, to secure financial resources for the implementation of the resilience strategy and resilience-building projects."
Climate Resilient Agriculture Technologies,"genetic engineering, precision agriculture tools, soil moisture sensors",climate resilient agriculture technologies include drought-resistant crop varieties and precision irrigation systems that optimize water use and maintain crop yields despite periods of low water availability.
Wildfire Risk Management Systems,"satellite imagery, machine learning, data visualization tools","wildfire risk management systems leverage predictive analytics and remote sensing data to assess fire risk, monitor conditions, and implement proactive measures for fire management and community preparedness."
Community Engagement and Training Programs,"online learning platforms, mobile applications, social media analytics","technology-driven platforms facilitate community engagement regarding climate adaptation strategies, providing training and resources for residents to build local resilience to various climate challenges."
Hazard Identification and Risk Assessment process enhancements,"risk assessment software, geographic information systems (gis), predictive analytics tools","this process identifies potential hazards affecting the city and assesses their risks, integrating data-driven insights to enhance emergency preparedness and response capabilities. it supports informed decision-making and planning for resilience against climate threats."
Social Vulnerability Mapping Tool,"geographic information systems (gis), spatial analysis, data integration techniques, public data platforms",a mapping tool that overlays social vulnerability data with climate risk assessments to identify which communities are most at risk during extreme weather events. this tool can help prioritize outreach and support efforts to improve community resilience.
Integrated Community Leadership,"collaboration platforms, social media engagement tools, project management software","a strategy focused on galvanizing leadership among collaboration between academia, industry, and community partners to implement and enhance resilience measures across various sectors responding to climate challenges."
Resilience Office,"project management tools, stakeholder engagement platforms, monitoring and evaluation software","the resilience office serves as a central hub to coordinate efforts across multiple stakeholders, ensuring that resilience strategies are effectively implemented, monitored, and adapted to current and future climate challenges."
Emergency Command Centers,"communication technology, emergency management systems, energy generation and storage solutions","the ymca centres will serve as command centers for first responders, providing a coordinated effort for managing emergencies, ensuring safety, and responsive services for affected communities."
Hosting Global Resilience Events,"event management software, streaming technologies, networking platforms","by hosting international conferences and events focused on resilience, toronto can elevate its profile as a leader in climate adaptation, attract global expertise, and promote collaborative projects that address various climate challenges."
Sustainable Resource Procurement,"e-procurement platforms, supply chain management tools, sustainable resource databases","utilizing the city’s purchasing power for sustainable resource procurement can support local industries focused on renewable and reclaimed materials, thus ensuring resource availability while reducing reliance on water-intensive extraction processes."
Sustainable and Resilient Food Systems,"hydroponics systems, aquaponics technologies, water management systems",creating urban agriculture initiatives that use hydroponics and aquaponics to produce food locally while managing water use efficiently and mitigating flooding through permeable landscapes.
Fire Weather Monitoring and Alert System,"meteorological sensors, predictive analytics, emergency notification systems",an advanced monitoring system that predicts fire weather conditions using atmospheric data and provides alerts to residents and emergency services to prepare for potential wildfires.
Water Demand Forecasting System,"data analytics, forecasting algorithms, machine learning, cloud computing","a predictive modeling tool that analyzes historical consumption data, seasonal trends, and climate variables to forecast future water demand, enabling better resource allocation and sustainable water management."
