Source,Category,Climate Problem,Solution Name,Technologies,Description
uploaded_pdf.pdf,Geological Hazards,Snow and ice,Snow and Ice Management Technologies,"Autonomous vehicles, GPS technology, IoT sensors",Implementing autonomous snow plows equipped with sensors and GPS technology to optimize snow clearance and ice management in urban areas during winter storms.
uploaded_pdf.pdf,Water-Related Issues,Coastal flooding (incl. sea level rise),Resilient Coastal Infrastructure,"Structural engineering technologies, resilience modeling software, real-time monitoring systems","This solution focuses on designing and constructing infrastructure that can withstand rising sea levels and coastal flooding. Examples include sea walls, levees, and natural barriers, which are integrated with monitoring systems to dynamically adapt to changing conditions."
uploaded_pdf.pdf,Geological Hazards,Fire weather (risk of wildfires),Wildfire Risk Assessment Tools,"remote sensing, machine learning, GIS, data analytics",Utilizing satellite imagery and data analytics to assess and predict areas at high risk for wildfires can help in proactive management and response strategies to protect communities and natural resources.
uploaded_pdf.pdf,N/A,Multiple climate-related risks,Community Engagement Platforms,"Online forums, Mobile applications, Social media tools","These digital platforms facilitate communication and collaboration among community members, local governments, and organizations to share knowledge, resources, and strategies for climate resilience."
uploaded_pdf.pdf,Geological Hazards,Fire weather (risk of wildfires),Wildfire Risk Assessment Tools,"Big data analytics, machine learning, remote sensing",Utilizing advanced modeling and predictive analytics tools to assess wildfire risks based on weather conditions and land use can guide prevention strategies and inform community readiness.
uploaded_pdf.pdf,Health Risks,Extreme heat,Community Cooling Centers,"Solar panels, energy-efficient HVAC systems, community engagement platforms","Establishing community cooling centers equipped with sustainable technologies (like solar power) can offer refuge during heatwaves, helping to prevent heat-related health issues."
uploaded_pdf.pdf,Geological Hazards,Fire weather and risk of wildfires,Wildfire Risk Mitigation Technology,"Remote sensing, satellite imagery, early warning systems",Implement technology that uses satellite imagery and remote sensing to monitor and predict wildfire risks in surrounding areas. Early warning systems can notify the community and emergency services for proactive measures.
uploaded_pdf.pdf,Extreme Weather Events,"Extreme weather events (hurricanes, flooding)",Emergency Communication Networks,"Mobile applications, cloud computing, satellite communication systems","Emergency communication networks utilize digital communication platforms and applications to facilitate rapid, real-time communication between government agencies and citizens during extreme weather events. These networks can disseminate emergency alerts, evacuation notices, and safety information."
uploaded_pdf.pdf,"Health Risks, Water-Related Issues",Difficulty in identifying and accessing support services for vulnerable populations,Accessible Resource Mapping Applications,"GIS mapping, mobile applications, crowd-sourced data, cloud storage","Creating applications that map local resources such as shelters, counseling services, and emergency services, enabling users to find immediate assistance during crises. These could also include features for users to report their needs or available resources in their community."
uploaded_pdf.pdf,Health Risks,Disparate impact of climate shocks on various demographics,Data Analytics Tools for Vulnerability Assessment,"Big data analytics, machine learning algorithms, demographic analysis tools",Utilizing data analytics tools can help assess which populations are most vulnerable to climate impacts like heat stress and flooding. This data-driven approach informs targeted resilience initiatives and resource allocation.
uploaded_pdf.pdf,Housing,Housing affordability and resilience,Resilient Housing Initiatives through Smart Building Technology,"Building automation systems, energy management software, climate-resilient construction materials","Smart building technologies enable the development of housing that can adapt to shifting climate conditions, including energy efficiency systems and disaster-resistant design, which can help mitigate the impacts of extreme weather events while maintaining affordability."
uploaded_pdf.pdf,Water-Related Issues,Coastal flooding and sea level rise,Coastal Resilience Monitoring Systems,"Satellite remote sensing, IoT sensors, GIS, data analytics","Implementing resilience monitoring systems that include tide gauges, wave sensors, and satellite imagery can provide crucial data for understanding and managing coastal flooding risks associated with sea level rise."
uploaded_pdf.pdf,Water-Related Issues,Urban flooding and increased water demand in the context of climate resilience,Climate-Positive Villiers Island Development,"Sustainable design practices, Green infrastructure, Water management systems",The development of Villiers Island includes infrastructure designed to improve flood resilience and manage water sustainably while supporting urban ecology and community needs.
uploaded_pdf.pdf,Water-Related Issues,Coastal flooding (incl. sea level rise),Coastal Resilience Monitoring System,"IoT sensors, predictive modeling, GIS, real-time data analytics",A system that employs sensors and modeling software to monitor and predict changes in sea levels and storm surges to protect coastal infrastructure and enable swift response during flooding events.
uploaded_pdf.pdf,Geological Hazards,Fire weather (risk of wildfires),Wildfire Risk Assessment Tools,"Satellite imagery, drones, machine learning, GIS analytics",Using satellite imagery and drone technology to assess vegetation health and moisture levels can help predict wildfire risks and inform management strategies for fire prevention and response.
uploaded_pdf.pdf,Water-Related Issues,Coastal flooding and sea level rise,Coastal Resilience Modeling Tools,"Simulation modeling software, GIS, Remote sensing technology","These tools use simulation models to assess vulnerabilities and predict the impacts of flooding due to sea level rise. Planners can visualize different climate scenarios and make informed decisions about coastal infrastructure investments, nature-based solutions, and urban planning to enhance resilience against flooding."
uploaded_pdf.pdf,Extreme Weather Events,Inequality in disaster impact and recovery,Vulnerability Mapping and Assessment Tools,"GIS, big data analytics, spatial analysis, community engagement platforms","Vulnerability mapping and assessment tools utilize GIS and big data to identify communities most at risk from climate hazards. By highlighting areas with high vulnerability, these tools inform targeted interventions and resource allocation for resilience-building efforts."
uploaded_pdf.pdf,"Extreme Weather Events, Health Risks",Lack of affordable and stable housing impacting resilience,Affordable Housing Solutions Network,"Online collaboration tools, project management software, data sharing platforms","A collaborative technology platform connecting non-profits, city agencies, and developers to facilitate the creation of affordable housing projects designed to withstand climate impacts. This network leverages funding opportunities and community input to build more resilient communities."
uploaded_pdf.pdf,Extreme Weather Events,Inequitable access to resources and knowledge among equity-seeking groups during climate shocks.,Disaster Preparedness Training and Resources,"E-learning platforms, virtual reality training simulations, content management systems",Deploying technology-based training programs that educate vulnerable populations on disaster preparedness and response can enhance community resilience. These programs can include virtual workshops and online resource libraries tailored to specific community needs.
uploaded_pdf.pdf,General Resilience Planning,Inadequate assessment of climate risks and community needs,Integrated Climate Adaptation Planning Tool,"Data analytics, machine learning, geographic information systems (GIS), participatory design tools","This tool utilizes data analytics and modeling to assess climate vulnerability and identify adaptation strategies tailored for specific communities. By integrating socioeconomic data, it helps prioritize resources and actions for the most vulnerable populations, ensuring that resilience-building efforts are equitable and targeted effectively."
uploaded_pdf.pdf,Water-Related Issues,Insufficient resources to adapt to climate challenges,Micro-Grants for Community Resilience Projects,"Grant management software, Community development platforms, Social media for outreach","The micro-grant system allows community members to propose and initiate their own projects that address local climate issues, such as urban flooding or water stress. This empowers residents to develop localized solutions tailored to their unique challenges, improving overall community resilience."
uploaded_pdf.pdf,Health Risks,Health risks posed by extreme heat,Mobile Application for Heat Alerts,"Mobile application development, real-time alert systems, health monitoring tools","A mobile app provides real-time alerts and safety guidelines for residents during extreme heat events, helping them to stay cool, hydrated, and healthy. The app also integrates social features, allowing users to connect and share resources."
uploaded_pdf.pdf,Water-Related Issues,Coastal flooding (including sea level rise),Coastal Resilience Digital Toolkit,"Geographic Information Systems (GIS), decision-support systems, stakeholder engagement platforms","A digital toolkit designed for coastal municipalities to assess vulnerabilities and develop adaptation strategies for rising sea levels and coastal flooding. It incorporates GIS analysis, stakeholder engagement tools, and decision-support systems to aid in planning and resource allocation."
uploaded_pdf.pdf,Water-Related Issues & Health Risks,Urban flooding and heat stress,Vulnerability Mapping Tools,"GIS, remote sensing, machine learning, data analytics",Utilizing GIS and remote sensing technologies to create detailed maps of areas most vulnerable to flooding and heat stress. This helps in planning infrastructure improvements and targeted community resources for those most at risk.
uploaded_pdf.pdf,Health Risks,"Health risks during extreme weather events, including heat stress and flooding",Telephone Town Hall,"Telecommunication systems, public engagement software, data collection tools",A large-scale public engagement initiative to inform residents about resilience strategies and gather input on community needs during emergencies. This platform allows for the dissemination of vital information and facilitates community dialogue on climate resilience.
uploaded_pdf.pdf,Extreme Weather Events,Extreme weather events affecting energy supply,Smart grid technology for energy management,"Smart meters, energy storage systems, real-time monitoring software, grid management systems","Implementing smart grid technology helps address disruptions caused by extreme weather events such as storms and hurricanes. It enables real-time monitoring and management of energy supply and demand, improving the resilience of the energy infrastructure."
uploaded_pdf.pdf,Water-Related Issues,Coastal flooding and sea level rise,Coastal Resilience Modeling,"GIS, predictive analytics, hydraulic and hydrodynamic modeling tools","Utilizing advanced modeling techniques to assess areas at risk of coastal flooding, informing urban planning and adaptation measures such as seawalls and managed retreat."
uploaded_pdf.pdf,"Health Risks, Extreme Weather Events","Extreme heat, Power outages, Emergency response",Resilient Centres of Community by YMCA,"Emergency management systems, backup power systems (generators), HVAC systems","The YMCA is working to transform its Centres of Community into safe havens during emergencies, ensuring they can serve the public during power outages or extreme heat events by maintaining comfortable conditions and providing essential services and support."
uploaded_pdf.pdf,General climate adaptation,Urban sustainability and adaptation strategies,School of Cities Initiatives,"Research collaboration platforms, urban sustainability modeling, stakeholder engagement tools",The School of Cities convenes various urban stakeholders to collaboratively explore strategies and innovations for making cities more sustainable and resilient to climate change.
uploaded_pdf.pdf,Water-Related Issues,Coastal flooding (incl. sea level rise),Local Resilience Workshops,"Collaborative software, audience response systems, facilitation tools",Workshops that gather community input on levels of awareness and preparedness against coastal flooding risks due to sea level rise. These workshops utilize interactive tools to brainstorm potential adaptation strategies.
uploaded_pdf.pdf,Water-Related Issues,Coastal flooding (incl. sea level rise),Coastal Resilience Planning Tool,"GIS, simulation software, data analysis, urban planning tools","A modeling and simulation tool that assists cities in planning for coastal flooding and sea level rise. It integrates environmental data, urban infrastructure, and socio-economic factors to guide decision-making on resilience measures such as flood barriers and urban planning."
uploaded_pdf.pdf,"Extreme Weather Events, Health Risks",Lack of coordination and awareness regarding local climate resilience strategies,Placemakers Series,"Event management software, live streaming platforms, community networking tools","This series of events aims to connect local residents with experts and city officials to foster dialogue about resilience strategies, creating a shared understanding and collaborative approach to deal with extreme weather events and health-related issues."
uploaded_pdf.pdf,Geological Hazards,Monitoring and responding to geological hazards and extreme weather,Remote Sensing for Climate Monitoring,"Satellite remote sensing, drone technology, machine learning analytics","Remote sensing technology, including satellite imagery and aerial drones, is used to monitor environmental changes and track extreme weather events. This information allows for timely assessments and proactive measures to mitigate risks associated with mass movement and fire weather."
uploaded_pdf.pdf,Health Risks,Infectious disease outbreaks related to climate change,Infectious Disease Surveillance Systems,"Data analytics, machine learning, geographic information systems (GIS)","Surveillance systems that integrate climate data and health information to track and predict outbreaks of diseases influenced by changing weather patterns, allowing for timely intervention."
uploaded_pdf.pdf,Health Risks,Infectious disease,Infectious Disease Monitoring Systems,"EHR (Electronic Health Records) systems, data analytics, disease surveillance platforms","Technologies that enhance the monitoring and tracking of infectious disease outbreaks related to changing climate conditions, helping to inform public health responses and resource allocation."
uploaded_pdf.pdf,Health Risks,Extreme heat,Community Cooling Centers,"HVAC systems, smart temperature management, data analytics for usage patterns","Technology-enabled community cooling centers provide safe spaces for residents during heat waves, equipped with monitoring systems to ensure comfort and safety."
uploaded_pdf.pdf,Water-Related Issues,Water stress and increased water demand,Integrated Water Resource Management (IWRM),"IoT devices, data analytics, cloud computing, community engagement platforms","A comprehensive approach to managing water resources that incorporates real-time data monitoring, predictive modeling, and community engagement to ensure equitable and sustainable water use, especially during periods of drought or high demand."
uploaded_pdf.pdf,All categories,General climate adaptation and resilience,Climate Resilience Training Programs,"E-learning platforms, community workshops, social media engagement","This education and outreach solution focuses on training communities to prepare for, respond to, and recover from climate-related impacts, fostering a culture of resilience in the face of various climate challenges."
uploaded_pdf.pdf,Water-Related Issues,Water stress,Urban Water Conservation Systems,"IoT smart meters, data analytics, mobile applications, cloud computing","These systems promote efficient water usage in urban settings through smart metering, leak detection, and community engagement platforms that encourage conservation behaviors."
uploaded_pdf.pdf,Water-Related Issues,Increased water demand and rising energy costs due to climate impacts,Renewable Energy Microgrid Systems for Low-Income Areas,"Solar panels, battery storage, distributed generation, smart grid technology","Microgrid systems that integrate renewable energy sources to power water management systems in low-income areas, improving access to clean water while reducing reliance on non-renewable energy and lowering costs. These systems can also facilitate energy independence and resilience in the face of climate-induced power outages."
uploaded_pdf.pdf,"Miscellaneous (not strictly defined in taxonomy, but relevant to resilience)",Low-income residents are often excluded from decision-making processes related to climate adaptation,Community Engagement Platforms,"Online survey tools, social media, community forums","These platforms can foster communication between residents and local government, enabling marginalized communities to voice their concerns and access resources more effectively. This helps ensure that climate adaptation strategies are reflective of the needs of all income groups."
uploaded_pdf.pdf,Water-Related Issues,Water stress due to increased evaporation and drought,Aquifer Recharge and Management Technologies,"Water harvesting systems, GIS, water quality monitoring sensors","These technologies capture stormwater and excess precipitation to facilitate groundwater recharge, improving water availability during periods of drought and managing flooding effectively."
uploaded_pdf.pdf,Extreme Weather Events,Extreme weather events causing infrastructure failures and health risks,Advanced Weather Forecasting and Alert Systems,"Satellite technology, machine learning algorithms, data analytics platforms","Utilizing advanced meteorological technologies to improve the accuracy and timing of weather forecasts, providing residents and city officials ample warning about impending extreme cold or storms, allowing for better preparedness and response strategies."
uploaded_pdf.pdf,"Extreme Weather Events, Water-Related Issues",Low levels of civic engagement and trust in government,Social Network Platforms for Civic Engagement,"Social media software, Forum platforms, Community engagement tools, Data analytics for sentiment tracking","A dedicated online social network designed to connect residents with local leaders and foster dialogue about community climate resilience initiatives. This platform can be used for community discussions, feedback on local policies, and collaboration on projects aimed at addressing climate adaptation."
uploaded_pdf.pdf,Water-Related Issues,Coastal flooding due to sea level rise,Coastal Monitoring Systems with Predictive Analytics,"Remote sensing, IoT sensors, Predictive modeling, Geographic Information Systems (GIS)","Systems that use satellite and sensor data to monitor coastal erosion and predict flooding events, helping communities prepare and adapt to the changing landscape."
uploaded_pdf.pdf,Water-Related Issues,River flooding,Collaborative Flood Management Systems,"Crowdsourcing applications, predictive analytics, sensor networks for water monitoring","Collaborative Flood Management Systems involve the integration of local data and community input to create adaptive flood management strategies. Through technology platforms, residents can report flooding conditions, receive real-time updates, and collaboratively develop strategies to enhance river flood resilience in their neighborhoods."
uploaded_pdf.pdf,Health Risks,Lack of community cohesion amid climate-related challenges,Community Resilience Workshops,"Video conferencing tools, educational platforms, community forum software","Workshops facilitated through community centers and online platforms that educate residents about climate adaptation strategies, resources available, and ways to support each other during extreme weather events or health crises."
uploaded_pdf.pdf,Extreme Weather Events (indirect effects on housing affordability),Unaffordable housing prices for renters and owners,AI-based Housing Market Analysis Tools,"Artificial intelligence, machine learning, predictive analytics, data visualization tools","AI-driven housing market analysis tools can assess market trends, predict price fluctuations, and identify areas for potential development. This data can help policymakers and developers create strategies tailored to improving housing affordability in the context of changing climate patterns that may affect residential stability."
uploaded_pdf.pdf,Water-Related Issues,Housing affordability and urban flooding,Eco-Friendly Modular Housing,"Modular construction, Renewable energy systems, Water-resistant materials","Eco-friendly modular housing provides affordable and sustainable housing solutions that are resilient to urban flooding. These units can be rapidly deployed and are designed with flood mitigation features, enhancing adaptability to climate impacts."
uploaded_pdf.pdf,Health Risks,Inaccessibility of transit for marginalized communities,Community-Based Mobility Programs,"Mobile app for ride-matching, community engagement platforms, scheduling algorithms","Programs designed to offer volunteer-based or community-driven transportation solutions for those living in transit deserts or affected by extreme weather events, ensuring equitable access to services and reducing health risks related to isolation during extreme conditions."
uploaded_pdf.pdf,Water-Related Issues,Increased water demand and pressure on transport infrastructure amidst growing populations,Electric and Hybrid Public Transit Vehicles,"Electric vehicle technology, battery storage systems, fleet management software","Transitioning public transit systems to electric and hybrid vehicles can reduce environmental impact and improve air quality, while also adapting to changes caused by extreme weather and demanding transit times. This shift can enhance system resilience, especially during extreme weather events that may disrupt traditional fuel supplies."
uploaded_pdf.pdf,Geological Hazards,Fire weather (risk of wildfires),Fire Weather Risk Monitoring Platform,"Remote sensing, weather data analytics, GIS, cloud computing","This platform utilizes remote sensing and weather data to monitor and predict fire weather conditions, enabling early warning systems for communities at risk of wildfires."
uploaded_pdf.pdf,Water-Related Issues,Coastal flooding including sea level rise,Data-Driven Urban Planning Analytics,"Predictive analytics, remote sensing, climate modeling software","Utilizing advanced data analytics to create predictive models for urban planning can help city officials anticipate areas at risk of coastal flooding and support adaptive land use policies. By integrating climate projections with urban development plans, cities can enhance their resiliency against sea level rise."
uploaded_pdf.pdf,Extreme Weather Events,"Storms, Hurricanes, Cyclones",Community-Based Early Warning Systems,"SMS notification systems, mobile applications, community radio networks","Community-based early warning systems leverage technology to provide actionable information about storm threats and emergency responses, ensuring preparedness and rapid response from local communities."
uploaded_pdf.pdf,Health Risks,At-risk populations facing housing instability during extreme weather,Resilient Communities and Support Networks,"Community alert systems, Mobile communication platforms, Data analytics for resource allocation, Online training and support resources","Developing community support networks that leverages technology to facilitate communication, mobilize resources, and provide real-time information on climate threats, ensuring vulnerable populations receive the assistance they need during extreme weather events."
uploaded_pdf.pdf,"Water-Related Issues, Extreme Weather Events",Urban flooding and extreme weather impacts,Community Resilience Planning Tools,"Geographic Information Systems (GIS), participatory planning software, online collaboration platforms","Creation of community resilience planning tools that allow citizens to engage in local decision-making regarding climate adaptation practices, especially for flood management and housing quality improvements."
uploaded_pdf.pdf,Water-Related Issues,Disparities in access to flood resilience measures,Data Monitoring and Targeting for Vulnerable Groups,"Geographic information systems (GIS), data analytics","Using social vulnerability data to pinpoint and effectively target the most at-risk and underserved communities for home assessments and resilience actions, ensuring equitable distribution of resources."
uploaded_pdf.pdf,Extreme Weather Events,Extreme heat,Smart Ventilation Systems,"IoT sensors, Smart home systems, Automated climate control systems","Installation of smart ventilation technologies that automatically adjust airflow and cooling based on indoor temperatures and humidity levels, aiding residents in maintaining a comfortable environment during heat events."
uploaded_pdf.pdf,Extreme Weather Events,Existing buildings might not comply with updated standards that account for the increasing frequency of extreme weather events.,Climate-Resilient Building Codes,"Regulatory frameworks, building simulation software, compliance monitoring systems.","Implementing more robust building codes that mandate climate resilience measures in retrofits ensures long-term safety and livability of high-rise structures against extreme weather risks, helping prevent future vulnerabilities."
uploaded_pdf.pdf,"Extreme Weather Events, Water-Related Issues",Deteriorating living conditions and inability to make necessary upgrades,Tower Renewal Program,"Assessment tools, community engagement platforms, financial assistance databases","This program supports holistic site assessments and community initiatives to enhance living conditions in apartment towers. It provides low-cost financing and incentives for energy efficiency retrofits, promoting resilience against climate impacts while improving community engagement and quality of life."
uploaded_pdf.pdf,Water-Related Issues,"Water-Related Issues (e.g., increased water demand, urban flooding)",National Housing Strategy Support for Deep Retrofits,"Financial modeling software, incentive management systems, project management tools","Leveraging support from national initiatives like the National Housing Strategy to reduce the net costs associated with deep retrofits through subsidies or loans, thus promoting the enhancement of building resilience to water-related impacts."
uploaded_pdf.pdf,Geological Hazards (fire weather and mass movement),Limited access to best practices for building upgrades,Technical Guidelines for Deep Retrofits,"Document management systems, online training platforms, research dissemination tools","Developing and disseminating technical guidelines will provide building owners and operators with the necessary knowledge and tools to implement effective deep retrofits, thereby increasing resilience against geological hazards and extreme weather events."
uploaded_pdf.pdf,Extreme Weather Events,Increased demand for energy due to extreme heat,Multi-Functional Energy Efficiency Improvements,"Efficient lighting, light sensors, double glazing windows, temperature control systems.","Upgrades such as efficient lighting, light sensors in parking garages, and the replacement of single-pane windows contribute to significant reductions in energy consumption, addressing the increased demand for cooling during extreme heat events."
uploaded_pdf.pdf,Health Risks,Infectious disease and heat stress,Integrated Health and Housing Platforms,"Health information systems, telehealth technologies, data analytics platforms","Creating an integrated platform that connects housing information with health services can facilitate better access to health resources, especially during extreme weather events where heat stress may exacerbate health issues. This connectivity allows for timely interventions and support for vulnerable populations."
uploaded_pdf.pdf,Extreme Weather Events,Resilience of aging rental and social housing,Aging Housing Stock Assessment Tools,"AI-based analytics, building assessment applications, resilience modeling tools","Developing tools to assess the resilience of existing housing stock to withstand extreme weather, providing data-driven insights for necessary upgrades and improvements."
uploaded_pdf.pdf,Extreme Weather Events,Extreme weather events and recovery,Resilient Community Training Programs,"E-learning platforms, virtual reality simulations, community forum software, mobile training applications","Training programs leverage digital platforms to enhance community knowledge on disaster preparedness and recovery strategies. These programs focus on building local capacity, instilling skills, and fostering relationship networks that empower communities to respond to extreme weather events effectively."
uploaded_pdf.pdf,Extreme Weather Events,Extreme weather events impacting community infrastructure and health,Real-time Climate Monitoring Stations,"IoT sensors, data analytics platforms, cloud computing","Deploy a network of real-time climate monitoring stations throughout neighborhoods to collect data on temperature, precipitation, and other relevant climatic factors. This data can inform communities about potential extreme weather events and help them prepare and respond quickly."
uploaded_pdf.pdf,"Health Risks, Extreme Weather Events",Community engagement in climate adaptation,Local Champions Program,"Training modules for community leaders, social media platforms for outreach, community engagement apps","The Local Champions Program empowers resident leaders to guide conversations and assessments on community resilience, particularly regarding health risks and extreme weather impacts. The leaders mobilize community members to share knowledge and develop localized adaptation strategies."
uploaded_pdf.pdf,Geological Hazards,Fire weather (risk of wildfires),Wildfire Risk Assessment Tool,"Remote sensing, Machine learning, Geographic information systems (GIS)",A risk assessment tool that analyzes environmental data to predict wildfire risk in localized areas. It assists in planning and implementing community-level wildfire preparedness strategies.
uploaded_pdf.pdf,Water-Related Issues,Drought,Remote Sensing for Drought Monitoring,"Satellite imaging, remote sensing tools, data analytics","Use remote sensing technology to monitor soil moisture levels and predict drought conditions, allowing for timely interventions and better resource management across sectors that depend on water."
uploaded_pdf.pdf,Extreme Weather Events,Food insecurity due to extreme weather events,Predictive Analytics for Food Access,"Predictive analytics, Supply chain management software, Mobile applications, AI-driven logistics platforms",Utilizing predictive analytics to enhance food distribution networks can help alleviate food insecurity by forecasting food supply disruptions caused by extreme weather events. This technology can optimize supply chains and ensure that vulnerable communities have access to food resources even during climate-induced challenges.
uploaded_pdf.pdf,Geological Hazards,Fire weather (risk of wildfires),Wildfire Detection and Monitoring Systems,"Satellite technology, remote sensing, machine learning algorithms.","These systems use satellite imagery and ground-based sensors to detect wildfire risks and alerts, aiding early detection and response efforts."
uploaded_pdf.pdf,Water-Related Issues & Health Risks,Increased water demand and heat stress impact on food production,Sustainable and Resilient Food System Promotion,"Precision agriculture, vertical farming technologies, supply chain management systems (blockchain, IoT)","Encouraging local food production and distribution reduces reliance on distant markets, thus minimizing the impacts of climate-induced water and heat stress on food security."
uploaded_pdf.pdf,Water-Related Issues,Increased risk of flooding due to heavy precipitation and extreme storms,Flood Resilient Toronto Charter,"Geographic Information Systems (GIS), data analytics, real-time monitoring systems, cloud computing, collaborative platforms, decision support systems.","The Flood Resilient Toronto Charter institutionalizes an integrated approach to flooding by promoting collaboration across city divisions, agencies, and stakeholders. It focuses on developing strategies and solutions to manage flooding risks more effectively across the entire urban landscape, leveraging expertise from various sectors."
uploaded_pdf.pdf,Water-Related Issues,Urban flooding,Innovative Technical Approaches and Best Practices,"Internet of Things (IoT), smart sensors, data analytics, environmental monitoring systems","This fosters the development and adoption of novel technology-driven solutions and best practices aimed at increasing flood resilience, encouraging experiments and pilot projects that can be scaled city-wide."
uploaded_pdf.pdf,Extreme Weather Events,Flooding from extreme precipitation events,Predictive Flood Forecasting Systems,"Hydrological modeling software, machine learning algorithms, weather satellite data",Predictive flood forecasting systems use meteorological data and hydrological models to forecast potential flooding events well in advance. This allows for timely warnings and proactive measures to be taken by residents and city services.
uploaded_pdf.pdf,Water-Related Issues,Increased water demand and accessibility challenges,Rapid Transit Connectivity,"Public transit systems, urban mobility platforms, transportation planning technologies","The new rapid transit system connecting Villiers Island to the downtown core enhances accessibility and encourages the use of public transport, reducing dependence on cars and minimizing water demand related to urban infrastructure. This supports sustainable urban development in the face of climate change challenges."
uploaded_pdf.pdf,Water-Related Issues,Urban flooding due to overwhelmed sewer and drainage systems,City-Wide Flood Mapping Tool,"Geographic Information Systems (GIS), Data analytics, Remote sensing, Big data integration, Cloud computing","This tool synthesizes existing datasets to create a comprehensive city-wide map of urban flooding risks, accessible to all stakeholders. It will prioritize areas at risk for infrastructure improvement, emergency resource deployment, and public communication, considering factors like topography, sewer capacity, and vulnerable populations."
uploaded_pdf.pdf,Water-Related Issues,Urban flooding,Flood Mapping Tool,"Geographic Information Systems (GIS), Data analytics, Online mapping platforms, Community engagement platforms","The Flood Mapping Tool is designed to provide robust and intuitive flood risk mapping to help homeowners and tower owners take proactive measures against urban flooding. It incorporates data on equity-seeking groups to ensure that decision-making includes considerations for vulnerable populations. By integrating various data sources, the tool will inform planning and policy decisions, ultimately aiming to reduce the impacts of flooding on communities, particularly those most at risk."
uploaded_pdf.pdf,Water-Related Issues,Inefficient water resource management leading to flooding,Integrated Water Management Software,"Water management software, big data analytics, machine learning algorithms, simulation modeling tools","The use of integrated water management software that combines data on rainfall, water quality, and flow rates to optimize the management of stormwater and sewer systems. This technology supports better decision-making and helps align city planning with climate resilience objectives."
uploaded_pdf.pdf,Water-Related Issues,Lack of coordination among stakeholders in flood resilience strategies,Collaborative Stakeholder Engagement Platforms,"Collaboration software, cloud-based platforms, data sharing technologies","A digital platform designed to foster collaboration among various stakeholders involved in flood resilience efforts. This platform facilitates communication, information sharing, and coordinated planning, leading to more effective and integrated flood management solutions."
uploaded_pdf.pdf,Water-Related Issues,Urban flooding,Integrated Flood Mitigation Strategies,"Risk assessment tools, decision support systems, data visualization software","The initiative to hold a workshop with key stakeholders will lead to the integration of resilience into specific flood mitigation strategies, focusing on tailoring responses and solutions to the unique needs of the community. This will utilize technological tools to enhance data collection and analysis for better decision-making."
uploaded_pdf.pdf,Health Risks,Health risks and inadequate response to extreme heat events,Smart Heat Alert Systems,"Weather data integration systems, SMS alert systems, mobile application development","Deploying smart heat alert systems that utilize real-time weather data to issue heat advisories, recommendations, and critical updates to residents via SMS, mobile apps, or digital signboards in public spaces."
uploaded_pdf.pdf,Extreme Weather Events,Extreme heat,Equity-Focused Strategies,"Data analytics for vulnerability mapping, community feedback tools, resource allocation software.","The action plan includes targeted strategies to meet the specific needs of equity-seeking groups who are disproportionately affected by extreme heat, ensuring they have access to relief efforts and resources."
uploaded_pdf.pdf,All categories in the taxonomy as applicable,General climate adaptation,Sustainable Technology Evaluation Program,"Sustainable technology assessment tools, environmental monitoring systems, data analytics for sustainability assessments","A program focused on evaluating and testing sustainable technologies that can support resilience efforts against various climate shocks, helping implement effective green and blue infrastructure solutions."
uploaded_pdf.pdf,Water-Related Issues,Urban flooding and stormwater management,Fairford Parkette,"Trench drain systems, native vegetation, landscape design, water filtration systems","Fairford Parkette is a retrofitted public park that utilizes a trench drain system to collect and treat stormwater runoff from adjacent roads. In addition to its primary function of managing stormwater, it offers a community space with native plantings that support local biodiversity and improve pedestrian safety."
uploaded_pdf.pdf,Extreme Weather Events,Disruptions in food supply chains due to extreme weather events,Localized Food Distribution Systems,"E-commerce platforms, logistics optimization software, mobile order and delivery applications.","Localized food distribution systems utilize technology to streamline the connection between local producers and consumers, increasing the community's resilience against disruptions caused by extreme weather. These systems can include an online platform for direct orders from local farms or food hubs, reducing reliance on long supply chains."
uploaded_pdf.pdf,Water-Related Issues (Increased water demand),Food insecurity in vulnerable neighborhoods,Community-Based Food Emergency Action Plans,"Participatory Planning Software, Data Collection Tools, Community Engagement Platforms","Supporting vulnerable neighborhoods involves using participatory planning tools to develop localized food emergency action plans. This approach ensures that communities identify their specific needs and resources, enhancing their ability to cope with food supply challenges posed by climate variability."
uploaded_pdf.pdf,Extreme Weather Events,Extreme heat,Urban Heat Island Mitigation Technologies,"Reflective materials, green infrastructure, urban planning software","Urban heat island mitigation technologies include reflective pavements, green rooftops, and urban forestry to lower surface temperatures in cities. By increasing shade and reducing heat absorption, these technologies help mitigate the effects of extreme heat on urban populations."
uploaded_pdf.pdf,Cross-category,All categories,Resilience Assessment Frameworks,"Risk assessment tools, data visualization software, decision-support systems","Frameworks that incorporate risk assessments and resilience metrics into asset management, helping cities prioritize infrastructure investments based on climate vulnerability."
uploaded_pdf.pdf,Extreme Weather Events,Inequities in infrastructure resilience and access to emergency services,Multi-Partner Coordination for Climate Resilience,"Integrated project management software, collaboration platforms, stakeholder engagement tools","Coordinated efforts among city departments and agencies promote comprehensive planning for resilience, ensuring that new infrastructure projects consider the cumulative impact of climate stressors and promote equitable access for all city residents."
uploaded_pdf.pdf,Extreme Weather Events,Inadequate financial frameworks for resilience funding,Metrics Development for Budget Submissions,"Financial modeling software, data analysis tools, performance metrics frameworks","Collaborating with Financial Planning to develop metrics for resilience will ensure that budget submissions reflect the need for funding in adaptation measures against extreme weather, helping prioritize projects based on vulnerability and risk."
uploaded_pdf.pdf,Water-Related Issues,Coastal flooding and erosion exacerbated by extreme weather events,Gibraltar Point Erosion Control Project,"Coastal engineering, Natural infrastructure, Habitat restoration techniques","The Gibraltar Point Erosion Control project utilizes a natural infrastructure solution by implementing an innovative nearshore reef to halt shoreline erosion. This approach not only protects critical infrastructure on the Toronto Islands but also supports fish habitats and enhances recreational areas, offering a sustainable alternative to traditional, costly break walls."
uploaded_pdf.pdf,Water-Related Issues,"Water stress, Urban flooding",Regional Planning Legislation,"Spatial planning tools, Sustainable transport systems, Infrastructure modeling software","The implementation of regional planning legislation helps manage urban development in a way that takes climate resilience into account, guiding investments in transportation and water infrastructure to reduce water stress and the risk of urban flooding."
uploaded_pdf.pdf,Water-Related Issues,Urban heat and flood risks due to lacking green spaces,Green Infrastructure Implementation Framework,"Urban ecological modeling software, environmental data analysis tools, hydrology simulation software","A framework for implementing green infrastructure solutions, such as urban forests, green roofs, and rain gardens, to mitigate heat stress and manage urban flooding effectively."
uploaded_pdf.pdf,Extreme Weather Events,Increased electricity demand in the context of severe weather events,Energy Efficiency Standards for Buildings,"Building energy management systems (BEMS), insulation, energy-efficient HVAC systems, smart meters",Implementing stringent energy efficiency standards for new and existing buildings to minimize overall electricity demand and enhance resilience against power shortages during extreme weather conditions.
uploaded_pdf.pdf,Water-Related Issues,Anticipated costs due to climate vulnerabilities affecting asset lifecycle,Climate Risk Mitigation Measures in Asset Lifecycle Management,"Lifecycle costing tools, Risk assessment modeling tools, Climate impact assessment software, Project management software","Implementing measures to ensure that infrastructure projects consider climate risks throughout their lifecycle, from planning and design to construction and operation, will help in managing the financial impacts of climate change on city assets."
uploaded_pdf.pdf,"Extreme Weather Events, Water-Related Issues",The need to address vulnerabilities impacting levels of service and infrastructure management,Climate Impact Assessment Tools,"assessment software, geographic information systems (GIS), data modeling tools","These tools assist city planners in conducting climate impact assessments, making them capable of identifying risks to infrastructure from extreme weather and water-related issues. The results can inform asset management policies to ensure service continuity."
uploaded_pdf.pdf,Health Risks (economic and health outcomes related to transportation access),Transport poverty affecting vulnerable groups' access to transportation,Data-Driven Mobility Equity Assessment Tools,"Big data analytics, GIS mapping, statistical analysis software, machine learning","These tools analyze transportation data through an equity lens to identify gaps in mobility for marginalized communities. By leveraging big data analytics, planners can visualize and address disparities in access to public transit, ensuring improvements align with the needs of the most affected populations."
uploaded_pdf.pdf,"Health Risks, Extreme Weather Events","Increased health risks due to inadequate walking and cycling infrastructure, which limits mobility options during extreme heat events",Pedestrian and Cycling Safety Enhancements,"Smart lighting systems, air quality sensors, IoT monitoring, mobile notifications","Implementing technology-enabled enhancements to pedestrian and cycling infrastructure, such as smart lighting, heat-reflective materials, and real-time monitoring of air quality, can promote safer travel options during extreme heat. The use of sensors to alert users of hazardous conditions can improve overall mobility and health outcomes for residents, especially in low-income neighborhoods."
uploaded_pdf.pdf,Water-Related Issues,Urban flooding and increased commuting challenges,Curbside Management Strategies,"Smart traffic management systems, real-time monitoring, IoT technology","Implementing smart curbside management strategies can help redirect traffic, manage parking, and facilitate emergency services during urban flooding, supporting transit resiliency and accessibility across affected areas."
uploaded_pdf.pdf,Extreme Weather Events,Overall transit reliability due to aging infrastructure amidst climate challenges,Resilient Infrastructure Investment,"Advanced construction materials, structural monitoring systems, retrofitting technologies","Prioritizing capital improvements in infrastructure to withstand extreme weather events, ensuring the transit network is durable and can provide consistent service year-round."
uploaded_pdf.pdf,Water-Related Issues,Increased water demand and urban flooding due to climate variations,Integrated Cycling and Public Transit Network,"Bicycle-sharing systems, geospatial mapping, integrated mobility platforms","Establishing an integrated biking and public transit network that promotes active transportation modes, reducing reliance on cars and mitigating congestion and urban flooding, while also adapting to water-related challenges presented by climate change."
uploaded_pdf.pdf,Extreme Weather Events,High collision rates and mobility disruptions contribute to vulnerabilities during storms,Separated Cycle Tracks,"Smart cycling infrastructure, real-time monitoring systems, traffic safety technologies",Installing separated cycle tracks has significantly increased cycling rates while also reducing collision incidents. This not only provides a safer means of transportation during adverse weather conditions but enhances the overall resilience of urban mobility systems.
uploaded_pdf.pdf,Water-Related Issues,Urban flooding,Automated Traffic Management Systems,"Smart traffic signals, AI-driven traffic management systems, IoT sensors, real-time data analytics.","Systems that integrate real-time traffic monitoring and automated adjustments to traffic signals and routes during heavy rainfall or flooding events to reduce congestion and improve mobility, enhancing access for emergency services."
uploaded_pdf.pdf,Water-Related Issues,Coastal flooding (including sea level rise),Resilient Coastal Planning Tools,"Geographic Information Systems (GIS), simulation modeling, data analytics","These planning tools integrate climate projections and land-use data to develop strategies for managing coastline developments, ensuring infrastructure resilience against flooding and erosion due to rising sea levels."
uploaded_pdf.pdf,Extreme Weather Events,Inadequate opportunities for civic engagement in disaster risk management,Virtual Town Hall Meetings,"Video conferencing, Interactive polling tools, Webinars","A platform for virtual town hall meetings that allows residents to discuss climate risks, share concerns, and provide feedback on government actions regarding extreme weather events. These meetings can increase participation by making them more accessible to people who might otherwise face barriers to attending in-person events."
uploaded_pdf.pdf,Equity,Limited knowledge and resources available to residents for effective participation in climate resilience governance,Training and Online Resources for Civic Engagement,"E-learning platforms, video conferencing tools, content management systems","An online platform that offers training modules and resources for local residents to better understand civic engagement, climate risks, and adaptation strategies, thus empowering them to participate actively in decision-making processes."
uploaded_pdf.pdf,Health Risks (communication of health risks associated with climate threats),Lack of ongoing dialogue between residents and city officials regarding climate adaptation measures,Community Workshops and Forums Portal,"Event management software, Video conferencing tools, Forum discussion boards",A dedicated online portal for organizing and promoting community workshops and forums creates spaces for discussion on climate adaptation practices and associated health risks. This enables local stakeholders to collaborate on solutions and share knowledge.
uploaded_pdf.pdf,Water-Related Issues,"Drought, Water stress",Smart Water Management Systems,"Internet of Things (IoT) sensors, Cloud computing, Data management software","Implementing smart water management systems that use IoT sensors and data analytics to monitor water supply and consumption. These systems can help optimize water use, address shortages, and enhance resilience to drought conditions by providing real-time data to both residents and city officials."
uploaded_pdf.pdf,"Water-Related Issues (e.g., urban flooding, water stress)",Lack of transparent data sharing regarding climate impacts and government actions,Data Sharing and Visual Analytics,"Open data platforms, data visualization tools, Geographic Information Systems (GIS)","Developing an open data platform that visualizes climate-related data such as flooding risks, water quality, and resilience metrics, allowing residents to understand and engage with local environmental challenges."
uploaded_pdf.pdf,Water-Related Issues,Water stress and Increased water demand,Water Demand Management App,"Mobile apps, data analytics, cloud computing, machine learning",An application that helps residents and businesses manage their water usage more efficiently. The app provides real-time analytics and recommendations for reducing water consumption during periods of high demand or drought.
uploaded_pdf.pdf,"Extreme Weather Events, Water-Related Issues",Difficulty in accessing climate-related information and resources for vulnerable populations,Equity-Focused Climate Resilience App,"Mobile applications, Location-based services, Cloud computing","This app is designed to provide localized climate information, alerts, and resources focused on aiding vulnerable communities. It offers tailored advice on preparedness for extreme weather events, water-related issues, and health risks, ensuring equitable access to critical information."
uploaded_pdf.pdf,"Water-Related Issues, Health Risks",Insufficient data on equity and vulnerability regarding climate impacts,Data Collection and Analysis for Equity,"Big data analytics, demographic analysis tools, IoT sensors for real-time data collection",Leveraging advanced data collection technologies and analysis tools can help gather critical equity data about how different segments of the population are affected by climate issues. This data can be used to shape policies that prevent deepening social divides in the face of climate-related challenges.
uploaded_pdf.pdf,Extreme Weather Events,"Storm, Hurricanes, Flooding",Emergency Response Coordination Platforms,"Mobile applications, cloud computing, GIS, data analytics",Emergency Response Coordination Platforms use mobile applications and data integration tools to streamline communication and resource allocation during extreme weather events. They enhance coordination among various agencies and provide real-time updates to the public on hazards and safety measures.
uploaded_pdf.pdf,Water-Related Issues,Coastal flooding and sea level rise,Adaptive Land Use Planning Framework,"Geographic Information Systems (GIS), Data modeling software, Scenario planning tools",A framework that incorporates Indigenous land management traditions and contemporary ecological modeling to develop flexible land-use plans that address the risks of coastal flooding and support long-term community resilience.
uploaded_pdf.pdf,"Extreme Weather Events, Water-Related Issues","Extreme heat, Water stress",Collaborative Resilience Research Initiatives,"Remote sensing technologies, participatory research methods, data collection applications",Research initiatives that engage Indigenous communities focus on understanding local climatic changes and adaptive strategies. This collaboration leads to innovative solutions that respect Indigenous knowledge systems while addressing contemporary climate challenges.
uploaded_pdf.pdf,Water-Related Issues,Coastal flooding (incl. sea level rise),Co-Produced Climate Impact Assessments,"Data analysis tools, participatory research platforms, climate modeling software","Climate impact assessments that are co-produced by Indigenous communities and local governments to better understand the risks of coastal flooding, ensuring that Indigenous knowledge guides adaptation strategies."
uploaded_pdf.pdf,Water-Related Issues,Urban flooding and water stress,Nikibii Dawadinna Giigwag Program,"Green infrastructure, Rainwater harvesting systems, Landscape design software, Environmental monitoring tools","This program involves the planning and design of green infrastructure, such as rainwater gardens, which helps manage stormwater and reduces urban flooding. It incorporates traditional Indigenous knowledge alongside contemporary environmental practices, engaging youth in sustainable landscape practices that enhance water management and resilience against flooding."
uploaded_pdf.pdf,Health Risks,"Heat stress, Infectious diseases related to climate",Health Monitoring and Alert Systems,"Data analytics, Wearable health technology, Mobile notifications","These systems integrate data from health agencies, weather forecasts, and environmental sensors to monitor public health risks associated with extreme heat and outbreaks of diseases. They issue alerts to residents to take precautions during extreme weather events."
uploaded_pdf.pdf,General Resilience Building (cross-cutting issue),Resource allocation for resilience initiatives amidst competing priorities,Innovative Financing for Resilience Projects,"Fintech solutions, Crowdfunding platforms, GIS for investment analysis","The Resilience Office seeks innovative financing methods, grants, and scholarships to supplement budget allocations for embedding resilience practices throughout the city. This may involve leveraging public-private partnerships to fund resilience projects."
uploaded_pdf.pdf,N/A (Networking and Collaboration),Limited collaboration and exchange of resilience practices across cities,National Community of Practice,"Online networking platforms, virtual collaboration tools, communication apps","The strategy establishes connections with resilience offices in other Canadian cities to leverage shared knowledge and experiences, enhancing urban resilience efforts."
uploaded_pdf.pdf,"Multiple Categories (Extreme Weather Events, Water-Related Issues, Health Risks)",Lack of community awareness and preparedness for climate impacts,Community Engagement Platforms,"Social media, mobile applications, online community forums, data visualization tools","Utilizing digital platforms to enhance community engagement and education on climate resilience strategies, including preparedness for extreme weather events, urban flooding, and health risks associated with climate change."
uploaded_pdf.pdf,Extreme Weather Events,"Extreme weather events (hurricanes, storms)",Adaptive Emergency Response Systems,"Emergency management software, real-time data integration, mobile communication apps","This solution focuses on enhancing emergency response capabilities through an adaptive system that integrates real-time weather data, crowd-sourced information, and predictive analytics. It enables authorities to deploy resources and communicate effectively with residents before, during, and after extreme weather events."
uploaded_pdf.pdf,Extreme Weather Events,"Storms, floods, and related emergencies",Hazard Identification and Risk Assessment process,"Risk assessment tools, predictive analytics, remote sensing technology, data visualization tools","This process identifies potential hazards and assesses their risks, informing strategic planning for mitigating impacts on communities and infrastructure. It utilizes data to prioritize vulnerabilities and develop effective response plans."
uploaded_pdf.pdf,Health Risks,Social vulnerability to climate impacts exacerbated by infrastructure failures,Vulnerability Assessment Toolkit,"Data analytics, geographic information systems (GIS), health impact assessment tools","A toolkit for assessing and mapping social vulnerability in relation to climate risks. This tool helps identify communities at risk of adverse health outcomes from extreme weather, allowing for targeted interventions and resource allocation to enhance community resilience."
uploaded_pdf.pdf,Health Risks,Socioeconomic vulnerabilities exacerbated by climate impacts,Resilience Building Grantees Program,"Grant management software, data tracking systems, community engagement platforms.","The Toronto Foundations program supports initiatives that enhance community resilience through funding projects that address health and well-being, particularly during climate-related emergencies."
uploaded_pdf.pdf,"Multiple categories (Extreme Weather Events, Water-Related Issues)",Awareness and collaboration for enhanced resilience,Resilience Strategy Launch Event,"Event management software, Live streaming tools, Feedback collection apps","The launch event is designed to bring together a diverse group of stakeholders to discuss and promote the Resilience Strategy, encouraging partnerships that will lead to actionable projects and initiatives."
uploaded_pdf.pdf,Extreme Weather Events,Compromised emergency response during extreme weather events,Safe Havens for First Responders,"Communication systems, energy backup systems, emergency management software.","By establishing reliable Community Resiliency Centres equipped with energy systems, the YMCA ensures that these locations serve as command centers for first responders during crises, enhancing the effectiveness of emergency services in the face of extreme weather."
uploaded_pdf.pdf,Community and Neighborhoods,"Various resilience challenges (indirectly related to health, flooding, etc.)",Climate Resilience Workshops,"Virtual meeting platforms, educational software, community engagement tools","Hosting workshops to educate the community on climate adaptation strategies, such as building resilience to extreme weather, can foster community engagement and promote adaptive practices at the individual and neighborhood levels."
uploaded_pdf.pdf,Water-Related Issues,"Urban flooding, Extreme weather events",Climate Resilience in Asset Management Framework,"Geographic Information Systems (GIS), Climate modeling software, Infrastructure monitoring technology, Predictive analytics tools","Integrating climate resilience into asset management involves using advanced analytics and simulation models to improve infrastructure resilience against flooding and other extreme weather events. This ensures that public assets are better prepared for the impacts of climate change, minimizing damage and service disruptions during such events."
uploaded_pdf.pdf,General Resilience Strategy,All urban resilience challenges,National Urban Resilience Agenda,"Collaborative platforms, social media for engagement, project management tools","A collaborative framework that aligns efforts across cities in Canada, leveraging shared knowledge and technologies to address the diverse resilience needs of Canadian urban areas."
uploaded_pdf.pdf,Health Risks,Heat stress,Integrated Climate Health Dashboard,"Data integration platforms, AI for data analysis, web-based visualization tools, health information systems",An integrated dashboard that collects and analyzes data related to heat events and public health impacts. It allows public health officials to track heat-related illnesses and implement proactive community health measures.
